{"inputUnits":[34],"outputUnits":4,"inputs":{"0":{"dtype":"number","min":256.8402075860287,"max":466.6600208801982},"1":{"dtype":"number","min":298.1735550104876,"max":322.70626468881096},"2":{"dtype":"number","min":287.42796960971697,"max":494.6649312416403},"3":{"dtype":"number","min":265.46961090444125,"max":288.617892135442},"4":{"dtype":"number","min":219.8360232342078,"max":433.6151051799611},"5":{"dtype":"number","min":266.1264999924003,"max":288.71712413743313},"6":{"dtype":"number","min":333.81492288196137,"max":518.5910847214873},"7":{"dtype":"number","min":285.97400947303623,"max":309.8360891379271},"8":{"dtype":"number","min":183.85841696178866,"max":375.0161303805934},"9":{"dtype":"number","min":287.99007133751064,"max":323.9715552422787},"10":{"dtype":"number","min":402.64886136184873,"max":562.7447346490645},"11":{"dtype":"number","min":421.161837447942,"max":501.84461304185925},"12":{"dtype":"number","min":109.07680051336028,"max":265.05103679018725},"13":{"dtype":"number","min":410.64174429451907,"max":507.83123268691486},"14":{"dtype":"number","min":517.6518218712121,"max":660.2348784806663},"15":{"dtype":"number","min":549.1475817016127,"max":596.0872000015199},"16":{"dtype":"number","min":2.4863000417033985,"max":150.58842937306207},"17":{"dtype":"number","min":547.9532157215164,"max":589.776877317911},"18":{"dtype":"number","min":452.4962571437257,"max":647.260328359641},"19":{"dtype":"number","min":338.14198534776267,"max":584.737560702669},"20":{"dtype":"number","min":67.1319627576301,"max":229.59380806652024},"21":{"dtype":"number","min":331.4818670963035,"max":576.0324120428776},"22":{"dtype":"number","min":364.83558625098794,"max":522.38820651162},"23":{"dtype":"number","min":554.045569868867,"max":588.0122512045538},"24":{"dtype":"number","min":193.3692059349921,"max":311.8035306819218},"25":{"dtype":"number","min":558.0618506925116,"max":584.7024666752797},"26":{"dtype":"number","min":394.9819575209562,"max":582.9632307119407},"27":{"dtype":"number","min":539.7620566995228,"max":561.5270455801997},"28":{"dtype":"number","min":145.58894532199963,"max":282.7188324093355},"29":{"dtype":"number","min":539.9962761429961,"max":573.3981881345757},"30":{"dtype":"number","min":398.08318542599216,"max":604.257540572942},"31":{"dtype":"number","min":496.40165217655647,"max":566.9649876694735},"32":{"dtype":"number","min":60.60989914237293,"max":275.763229191999},"33":{"dtype":"number","min":487.0251061109253,"max":565.8654672348082}},"outputs":{"0":{"dtype":"string","min":0,"max":1,"uniqueValues":["L","R","B","N"],"legend":{"L":[1,0,0,0],"R":[0,1,0,0],"B":[0,0,1,0],"N":[0,0,0,1]}}},"isNormalized":true}