{"inputUnits":[34],"outputUnits":2,"inputs":{"0":{"dtype":"number","min":293.43278343111626,"max":355.2295637316277},"1":{"dtype":"number","min":80.27593939220858,"max":152.78741621321743},"2":{"dtype":"number","min":298.56297236936103,"max":363.33070777269654},"3":{"dtype":"number","min":69.91520447489816,"max":145.30764806131444},"4":{"dtype":"number","min":287.3843840959007,"max":345.9001984948778},"5":{"dtype":"number","min":71.21598002511703,"max":143.16790866480727},"6":{"dtype":"number","min":312.7685350945024,"max":378.4332548505137},"7":{"dtype":"number","min":75.41224171679309,"max":149.44210542315176},"8":{"dtype":"number","min":278.5456532355876,"max":339.68938330268116},"9":{"dtype":"number","min":77.50796707687675,"max":149.80505264222853},"10":{"dtype":"number","min":330.68613608987414,"max":404.54945545716043},"11":{"dtype":"number","min":125.84888680899653,"max":198.45630649462748},"12":{"dtype":"number","min":267.4486817831195,"max":323.22776616315434},"13":{"dtype":"number","min":125.08526753822653,"max":199.7355915321914},"14":{"dtype":"number","min":341.4379063468963,"max":462.8719012189932},"15":{"dtype":"number","min":133.66876149455862,"max":258.97806130494587},"16":{"dtype":"number","min":220.08947587662635,"max":306.69837565737475},"17":{"dtype":"number","min":141.48833041061224,"max":264.6871580131323},"18":{"dtype":"number","min":352.0040691687439,"max":474.3552063225772},"19":{"dtype":"number","min":71.93451818325175,"max":316.96459996561134},"20":{"dtype":"number","min":207.87151173394943,"max":304.4958092359253},"21":{"dtype":"number","min":78.76713682241478,"max":314.25091695228906},"22":{"dtype":"number","min":305.53308390457806,"max":380.22010417299975},"23":{"dtype":"number","min":238.48869568642942,"max":321.63373835819704},"24":{"dtype":"number","min":273.5773465048942,"max":335.42706322577214},"25":{"dtype":"number","min":241.17612727421266,"max":321.66750154606564},"26":{"dtype":"number","min":277.2234522600582,"max":430.0141117081104},"27":{"dtype":"number","min":313.78331997051316,"max":413.9891687534199},"28":{"dtype":"number","min":242.20360603777814,"max":349.97033679531705},"29":{"dtype":"number","min":313.3105789362688,"max":414.4873450609497},"30":{"dtype":"number","min":285.68996206795657,"max":434.14249405322835},"31":{"dtype":"number","min":395.10827506098764,"max":507.8585922300583},"32":{"dtype":"number","min":220.71594832008452,"max":354.69253302548185},"33":{"dtype":"number","min":394.6500485787596,"max":508.55575739641597}},"outputs":{"0":{"dtype":"string","min":0,"max":1,"uniqueValues":["MOUNTAIN","GODDESS"],"legend":{"MOUNTAIN":[1,0],"GODDESS":[0,1]}}},"isNormalized":true}